<?xml version="1.0"?>
<LightningComponentBundle xmlns="http://soap.sforce.com/2006/04/metadata">
	<apiVersion>62.0</apiVersion>
	<isExposed>true</isExposed>
	<targets>
		<target>lightning__AppPage</target>
		<target>lightning__HomePage</target>
		<target>lightning__RecordPage</target>
		<target>lightning__FlowScreen</target>
	</targets>


	<targetConfigs>  
        <targetConfig targets="lightning__HomePage,lightning__RecordPage">
            <property name="pageSize" type="Integer" default="5" label="Number of records per page"/>
            
        </targetConfig>
    </targetConfigs>
</LightningComponentBundle>